GTAACGGCAGACTTCTCCACNGG,TTAACAGCAGACTTCTCAACAGG,1
GTA-ACGGCAGACTTCTCCACNGG,GAACACGCCAGACTTCTCCACAGG,1
GTAACGGCAGACTTCTCCACNGG,GTAACGGCAGACTTCTCCACAGG,1
GTAACGGCAGACTTCTCCACNGG,CTAACAGCAGACCTCTCCACTGG,1
GTAACGGCAGACTTCTCCACNGG,GCAGCGGCAGTCTTCTCCACCGG,1
GTAACGGCAGACTTCTCCACNGG,GTCA-GGCAGACTTCTCCACAGG,1
GTAACGGCAGACTTCTCCACNGG,ATAACAACACACTTCTCCACTGG,1
GTAAC-GGCAGACTTCTCCACNGG,GTCACAGGCAGACTTCTCCACGGG,1
GTAACGGCAGACTTCTCCACNGG,ATAAGGCCAGACTTCTCCACTGG,1
AACTGAGTCCCAAGGTGGGTNGG,CTCTGAGCCCCAAGGTGGGTAGA,1
AACTGAGTCCCAAGGTGGGTNGG,AGCTGAGT-CCAAGGTGGGTGGG,1
AACTGAGTCCCAAGGTGGGTNGG,AACTGAGTCCCAAGGTGGGTGGG,1
AACTGAGTCCCAAGGTGGGTNGG,GTCTGAGCCCCAAGGTGGGGAGG,1
AACTGAGTCCCAAGGTGGGTNGG,ACCTGAGTCC-AAGGAGGGTAGG,1
AACTGAGTCCCAAGGTGGGTNGG,TCCTGAG-CCCAAGGTGGGTGGG,1
AACTGAGTCCCAAGGTGGGTNGG,ACCTGAGTCCCAAGGT-GGTGGG,1
AACTGAGTCCCAA-GGTGGGTNGG,AACTGAGTGCCAAGGGTGGGGTGG,1
TGAGAAGCCTGGCTGAATTANGG,TGA-AGCCCTGGCTGAATTAGGG,1
TGAGAAGCCTGGCTGAATTANGG,TGAGAAGCCTGGCTGAATTAAGG,1
TGAGAAGCCTGGCTGAATTANGG,TGAGAAATATGGCTGAATTAAGG,1
TGAGAAGCCTGGCTGAATTANGG,T-AGAAGGCTGACTGAATTATGG,1
TGAGAAGCCTGGCTGAATTANGG,TGAGAAGGCTGGCTGAATAATGG,1
TGAGAAGCCTGGCTGAATTANGG,AGGGAAGCCTGGCTGAATAAAGG,1
TGAGAAGCCTGGCTGAATTANGG,T-TGAAGCCTGGCTGAATCAAGG,1
TGAGAAGCCTGGCTGAATTANGG,T-AGAAGTCTTGCTGAATTAAGG,1
TGAGAAGCCTGGCTGAATTANGG,-GAGAAGCTTGGCTTTATTATTG,0
TGAGAAGCCTGGCTGAATTANGG,GGAGAAGCTTGGCTTTATTATTG,0
TG-AGAAGCCTGGCTGAATTANGG,TGGAGAAGCTTGGCTTTATTATTG,0
TGAGAAGCCTGGCTGAATTANGG,TGAGAAACTTGCTTCAAATAGGG,0
TGAGAAGCCTGGCTGAATTANGG,TGAGAAACTTGCTTCAAATAGGG,0
TGAGAAGCCTGGCTGAATTANGG,TGAGAAACTTGCTTCAAATAGGG,0
TGAGAAGCCTGGCTGAATTANGG,TGATAAGGGAGACTGAATTAAGC,0
TGAGAAGCCTGGCTGAATTANGG,TGATAAGGGAGACTGAATTAAGC,0
TGAGAAGCCTGGCTGAATTANGG,TGAGAATCTTGGCAGAACTACTT,0
TGAGAAGCCTGGCTGAATTANGG,TGAGAAGTCTAACCGATTAAAGG,0
TGAGAAGCCTGGCTGAATTANGG,-GAGAAGCTTGCCTGAGTTAGGC,0
TGAGAAGCCTGGCTGAATTANGG,GGAGAAGCTTGCCTGAGTTAGGC,0
TG-AGAAGCCTGGCTGAATTANGG,TGGAGAAGCTTGCCTGAGTTAGGC,0
TGAGAAGCCTGGCTGAATTANGG,TGAGAAGCCAGGCTGGAGT-TTG,0
TGAGAAGCCTGGCTGAATTANGG,TGAGAAGCCAGGCTGGAGTTTGT,0
TGAGAAGCCTGGCT-GAATTANGG,TGAGAAGCCAGGCTGGAGTTTGTG,0
TGAGAAGCC-TGGCTGAATTANGG,TGAGAACCCTTGGCTGAGTTTGGA,0
TGAGAAGCCTGGCTGAATTANGG,GGAGAGGTCTGGCTGAGCCAAGG,0
TGAGAAGCCTGGCTGAATTANGG,TGAGCAGCCTGGCTGTAAGACCT,0
TGAGAAGCCTGGCTGAATTANGG,TGGGGCGCCTGCCTGAAGAATGG,0
TGAGAAGCCTGGCTGAATTANGG,TTCGGAGTCTGGCTGAGTCAAGG,0
TGAGAAGCCTGGCTGAATTANGG,TGAGCTGCGTGGCTGAACTCCAG,0
TGAGAAGCCTGGCTGAATTANGG,CGAGATGCCTGGGTGACAGAAGG,0
TGAGAAGCCTGGCTGAATTANGG,TGACATGAGTGGCTGCATTTGGG,0
TGAGAAGCCTGGCTGAATTANGG,TGGAAACTCTGGTTGAATCACGG,0
TGAGAAGCCTGGCTGAATTANGG,TGACATGAGTGGCTGCATTTGGG,0
TGAGAAGCCTGGCTGAATTANGG,C-AGAAGCCCTTCTGAATTAAGG,0
TGAGAAGCCTGGCTGAATTANGG,CCAGAAGCCCTTCTGAATTAAGG,0
TGAGAAGCCTGGCTGAATTANGG,TGAGAAGTGGGGCTGAA-TAGAG,0
TGAGAAGCCTGGCTGAATTANGG,TGAGAAGTGGGGCTGAATAGAGG,0
TGAGAAGCCTGGCTGAATTANGG,CGAGAAGTGGGGCTGAATAGAGG,0
TGAGAAGCCTGGCTGAATTANGG,GGAGAAGCCTGGGGGGAAGAAGG,0
TGAGAAGCCTGGCTGAATTANGG,TGAGAAGCCGGGCTGTGGT-GGG,0
TGAGAAGCCTGGCTGAATTANGG,TGAGAAGCCGGGCTGCAGT-GGG,0
TGAGAAGCCTGGCTGAATTANGG,TGAGAAGCCGGGCTGCAGTGGGA,0
TGAGAAGCCTGGCTGAATTANGG,AGAGGTGACTGGCTGAATGAGGC,0
TGAGAAGCCTGGCTGAATTANGG,GGAGGTGCATGGATGAATGAGGG,0
TGAGAAGCCTGGCTG-AATTANGG,TGGGCAGCCTCGCTGGAATGACGG,0
TGAGAAGCCTGGCTGAATTANGG,TGGGAAGTCGGGCTGACTAATAG,0
TGAGAAGCCTGGCTGAATTANGG,TGAGGAGCAGGGCTGAGGTGGGG,0
TGAGAAGCCTGGCTGAATTANGG,TGAGAGGCGTGGTAGTATTAGGG,0
TGAGAAGCCTGGCTGAATTANGG,AGACCAGCCTGGCCAACTTAGGG,0
TGAGAAGCCTGGCTGAATTANGG,GGAGAAGGCTGCCTGCATGAATG,0
TGAGAAGCCTGGCTGAATTANGG,TGAGCTGCCTGGCTGACCTCTGT,0
TGAGAAGCCTGGCTGAATTANGG,TGAAAATAGTGGCTGTGTTAGGG,0
TGAGAAGCCTGGCTGAATTANGG,TGATAAGCCTGTAAGAATGAGGA,0
TGAGAAGCCTGGCTGAATTANGG,AGAGGGGCCTGGCTGTCTTCTGG,0
TGAGAAGCCTGGCTGAATTANGG,TGGGCAGCCTGCGTGAATTAACG,0
TGAGAAGCCTGGCTGAATTANGG,AGAGAAACCT-GCAGAATCATGG,0
TGAGAAGCCTGGCTGAATTANGG,TGAGAAGTCAGGCATTGTTATGG,0
TGAGAAGCCTGGCTGAATTANGG,GGAGAAGACTG-CTGAATCAGAG,0
TGAGAAGCCTGGCTGAATTANGG,GGAAAAGCCTAGCAGTATTACAG,0
TGAGAAGCCTGGCTGAATTANGG,TGAGAAGACTAGCTGGATTCTCT,0
TGAGAAGCCTGGCTGAATTANGG,T-AGAACCCTGGCTGCCTCATGG,0
TGAGAAGCCTGGCTGAATTANGG,CTAGAACCCTGGCTGCCTCATGG,0
TGAGAAGCCTGGCTGAATTANGG,TTAGAAGGATGGTGGCATTAGGG,0
TGAGAAGCCTGGCTGAATTANGG,TAGGAAGCA-GGCTGAAATATGG,0
TGAGAAGCCTGGCTGAATTANGG,TCAGGAGCCTGACTAAAGTTTGG,0
TGAGAAGCCTGGCTGAATTANGG,TCAGATGCCTGGCTTAGATACTG,0
TGAGAAGCCTGGCTGAATTANGG,TGAGAAACCCAACAGAATTAGTG,0
TGAGAAGCCTGGCTGAATTANGG,CAACAAGCCTGGCTTCATTAAGC,0
TGAGAAGCCTGGCTGAATTANGG,TCAGGAGCCTGACTAAAGTTTGG,0
TGAGAAGCCTGGCTGAATTANGG,TGA-AACTATGGCTGAGTTAAGG,0
TGAGAAGCCTGGCTGAATTANGG,TGATGTGCCTGGCTAAATTTTGG,0
TGAGAAGCCTGGCTGAATTANGG,GG-GAAGCCTGGCTGTGTTAAGT,0
TGAGAAGCCTGGCTGAATTANGG,GGGGAAGCCTGGCTGTGTTAAGT,0
TGAGAAGCCTGGCTGAATTANGG,TGATAATCCTGGTTGAATT-GGG,0
TGAGAAGCCTGGCTGAATTANGG,TGAAAAGCAGGGCTGAGTGCCGG,0
TGAGAAGCCTGGCTGAATTANGG,GGAGGTG-CTGGCTGAACTAAGG,0
TGAGAAGCCTGGCTGAATTANGG,TGGGAAGCCTGGGGGAAAAAATG,0
TGAGAAGCCTGGCTGAATTANGG,TGGGACGCCTGGCAGCATGGGGG,0
TGAGAAGCCTGGCTGAATTANGG,AAAG-AGCCTGGCTGCATTATGC,0
TGAGAAGCCTGGCTGAATTANGG,TGAG-ATCCTGGGTGACTTTGGG,0
TGAGAAGCCTGGCTGAATTANGG,GGACAAGCCTGGTGTAATTATGG,0
TGAG-AAGCCTGGCTGAATTANGG,TGAGGAAGGATGGCAGAATTAGGC,0
