chrom,chromStart,chromEnd,target,SiteWindow,strand,offtarget_sequence,realigned_target,missmatches,bulges,Read_count,Label,Index,insertion,deletion,H3K27me3_peaks_binary,H3K27ac_peaks_binary,H3K9ac_peaks_binary,ATAC-seq_peaks_binary,H3K9me3_peaks_binary,H3K36me3_peaks_binary,H3K4me3_peaks_binary,H3K4me1_peaks_binary
chr1,15837,15860,GAAGAAACTGAGAAGCATGANGG,TGCTGCTGCTTCTCCAGCTTTCGCTCCTTCATGCTGCGCAGCTTGGCCTTGCCGATGCCCCCAGCTTGGCGGA,-,GGCCAAGCTGCGCAGCATGAAGG,GAAGAAACTGAGAAGCATGANGG,6,0,0.0,0,0,0,0,1,0,1,1,1,1,0,1
chr1,24130,24152,GAAGAAACTGAGAAGCATGANGG,TCTGTCACTAGGCCAGGTCTCTCAGCCCTTCTGTGCCTCAGTTTCCTCATCTATAAAATGAGATGACGGCAGT,-,GAGGAAACTGAGGCACA-GAAGG,GAAGAAACTGAGAAGCATGANGG,4,1,0.0,0,1,0,1,1,0,0,1,0,0,0,0
chr1,41251,41274,GAAGAAACTGAGAAGCATGANGG,CTCTTCTACAACCTGTTCTATATTCCCCTCATGTTTATCCAGTGCTTCTGCTAGTCTAGTTCACTTCCAAAGA,-,GAAGCACTGGATAAACATGAGGG,GAAGAAACTGAGAAGCATGANGG,6,0,0.0,0,2,0,0,0,0,1,0,1,0,0,1
chr1,47678,47701,GAAGAAACTGAGAAGCATGANGG,AGAGAAATCAATGGAGGCCTGGTTACAAGGATCTAAGAAGCATCAATGGGTCACTAACATCTAGTGGTACTAA,+,CAAGGATCTAAGAAGCATCAATG,GAAGAAACTGAGAAGCATGANGG,6,0,0.0,0,3,0,0,0,0,1,0,1,1,0,1
chr1,52897,52920,GAAGAAACTGAGAAGCATGANGG,AGGCATCCTGGATAGTCAGGATAATCCATGCTGTATCTCAGTTTGTTTTTGCCATAAACTTGCCTTTTTGTGG,-,AAACAAACTGAGATACAGCATGG,GAAGAAACTGAGAAGCATGANGG,6,0,0.0,0,4,0,0,1,0,1,0,0,1,0,0
chr1,93672,93694,GAAGAAACTGAGAAGCATGANGG,AGGGCTCTCCATGTGTAGAGCTGAGACCATTTGCCACTCAGTTTCCTCACCCAATTAATTACAAGTCCCAACA,-,GAGGAAACTGAGTGGCAA-ATGG,GAAGAAACTGAGAAGCATGANGG,4,1,0.0,0,5,0,1,0,0,0,0,0,0,0,0
chr1,122126,122149,GAAGAAACTGAGAAGCATGANGG,TCCTTGTCCCTTGACATAAACTTGATAAATAACTGAGAAGTGAGAAGGAGATTAGTGGGTTGATTAAATTCCA,+,TAAATAACTGAGAAGTGAGAAGG,GAAGAAACTGAGAAGCATGANGG,6,0,0.0,0,6,0,0,1,0,0,0,0,0,0,0
chr1,123630,123653,GAAGAAACTGAGAAGCATGANGG,GAACCATTTGTTCCCTCCTTAGATATCCTCATTTTTTTCAGATTCTTGCTTAGAAGTCACTCCTCCGTGGACC,-,CAAGAATCTGAAAAAAATGAGGA,GAAGAAACTGAGAAGCATGANGG,6,0,0.0,0,7,0,0,1,0,0,0,0,0,1,0
chr1,140986,141009,GAAGAAACTGAGAAGCATGANGG,GGGATGTTGTTGAGATGACTGGGTGACTGCAAGCTCCTAAATTTCTTCAAGAGGAGGGCTGATTACCATGCAA,-,GAAGAAATTTAGGAGCTTGCAGT,GAAGAAACTGAGAAGCATGANGG,6,0,0.0,0,8,0,0,1,0,1,0,0,0,0,0
chr1,168342,168364,GAAGAAACTGAGAAGCATGANGG,AGAATTGGTTTAATGGGAGACTATTAGAGAAGCTGAAAAGCAGGAGGGCAGAAAAGCTCAATCAAATTAAACA,+,G-AGAAGCTGAAAAGCAGGAGGG,GAAGAAACTGAGAAGCATGANGG,3,1,0.0,0,9,0,1,0,0,0,0,0,0,0,0
chr1,186358,186381,GAAGAAACTGAGAAGCATGANGG,TGCTTCTTCTTCTCCAGCTTTCGCTCCTTCATGCTGCGCAGCTTGGCCTTGCCGATGCCCCCAGCTTGGCGGA,-,GGCCAAGCTGCGCAGCATGAAGG,GAAGAAACTGAGAAGCATGANGG,6,0,0.0,0,10,0,0,0,0,1,1,1,1,0,0
chr1,194654,194677,GAAGAAACTGAGAAGCATGANGG,TCTGTCACTAGGCCAGGTCTCTCAGCCTTTCTGTGCCTCAGTTTCCTCATCTATAAAATGAGATGACGGCAGT,-,GAGGAAACTGAGGCACAGAAAGG,GAAGAAACTGAGAAGCATGANGG,6,0,0.0,0,11,0,0,0,0,0,1,0,0,0,0
chr1,260501,260523,GAAGAAACTGAGAAGCATGANGG,AGTTAATTTGAAGGTCTCCAACCCTGGAACAAAGTTAGAAGAGGAAGGTTCTACTCCCCAAAATGCATAACCA,+,GAACAAAGTTAGAAG-AGGAAGG,GAAGAAACTGAGAAGCATGANGG,4,1,0.0,0,12,0,1,1,0,0,0,1,0,0,0
chr1,270249,270271,GAAGAAACTGAGAAGCATGANGG,AGGGCTCTCCATGTGTAGAGCTGAGACCATTTGCCACTCAGTTTCCTCACCCAATTAATTACAAGTCCCAACA,-,GAGGAAACTGAGTGGCAA-ATGG,GAAGAAACTGAGAAGCATGANGG,4,1,0.0,0,13,0,1,1,0,0,0,0,0,0,0
chr1,349906,349928,GAAGAAACTGAGAAGCATGANGG,AGTTAATTTGAAGGTCTCCAACCCTGGAACAAAGTTAGAAGAGGAAGGTTCTACTCCCCAAAATGCATAACCA,+,GAACAAAGTTAGAAG-AGGAAGG,GAAGAAACTGAGAAGCATGANGG,4,1,0.0,0,14,0,1,0,0,0,0,0,0,0,0
chr1,375137,375161,GAAGAAACTGAGAAGCATGANGG,TGGTTTCTACAGCGCCTTCGGGGAGAATGAGACTGAGAGACAGGAGGGCAGGAGAAGGTCAGAGACAACTTTT,+,GAATGAGACTGAGAGACAGGAGGG,GAA-GAAACTGAGAAGCATGANGG,4,1,0.0,0,15,1,0,0,0,0,1,0,0,0,0
chr1,404022,404044,GAAGAAACTGAGAAGCATGANGG,AGGGCTCTCCATGTGTAGAGCTGAGACCATTTGCCACTCAGTTTCCTCACCCAATTAATTACAAGTCCCAACA,-,GAGGAAACTGAGTGGCAA-ATGG,GAAGAAACTGAGAAGCATGANGG,4,1,0.0,0,16,0,1,0,0,0,1,0,0,0,0
chr1,427890,427912,GAAGAAACTGAGAAGCATGANGG,CAACATCTACCCAATCCTCCTGGTAACCATCATTCTACTCTGTACTTCTATGTGTTCAGCCTTCTTAGACCTC,-,GAAGTA-CAGAGTAGAATGATGG,GAAGAAACTGAGAAGCATGANGG,4,1,0.0,0,17,0,1,0,0,1,0,1,1,0,0
chr1,478139,478162,GAAGAAACTGAGAAGCATGANGG,TCCTTGTCCCTTGACATAAACTTGATAAATAACTGAGAAGTGAGAAGGAGATTAGTGGGTTGATTAAATTCCA,+,TAAATAACTGAGAAGTGAGAAGG,GAAGAAACTGAGAAGCATGANGG,6,0,0.0,0,18,0,0,0,0,0,0,0,0,0,1
chr1,479641,479664,GAAGAAACTGAGAAGCATGANGG,GAACCATTTGTTCCCTCCTTAGATATCCTCATTTTTTTCAGATTCTTGCTTAGAAGTCACTCCTCCGTGGACC,-,CAAGAATCTGAAAAAAATGAGGA,GAAGAAACTGAGAAGCATGANGG,6,0,0.0,0,19,0,0,0,0,0,0,0,0,0,1
chr1,499595,499618,GAAGAAACTGAGAAGCATGANGG,GGGATGTTGTTGAGATGACTGGGTGACTGCAAGCTCCTAAATTTCTTCAAGAGGAGGGCTGATTACCATGCAA,-,GAAGAAATTTAGGAGCTTGCAGT,GAAGAAACTGAGAAGCATGANGG,6,0,0.0,0,20,0,0,0,0,0,0,0,0,0,0
chr1,526938,526960,GAAGAAACTGAGAAGCATGANGG,AGAATTGGTTTAATGGGAGACTATTAGAGAAGCTGAAAAGCAGGAGGGCAGAAAAGTTCAATCAAATTAAACA,+,G-AGAAGCTGAAAAGCAGGAGGG,GAAGAAACTGAGAAGCATGANGG,3,1,0.0,0,21,0,1,0,0,0,0,0,0,0,0
chr1,603337,603361,GAAGAAACTGAGAAGCATGANGG,TGGTTTCTACAGCGCCTTCAGGGAGAATGAGACTGAGAGACAGGAGGGCAGGAGAAGGTCAGAGACAACTTTT,+,GAATGAGACTGAGAGACAGGAGGG,GAA-GAAACTGAGAAGCATGANGG,4,1,0.0,0,22,1,0,0,0,0,1,0,0,0,1
chr1,639771,639793,GAAGAAACTGAGAAGCATGANGG,AGGGCTCTCCATGTGTAGAGCTGAGACCATTTGCCACTCAGTTTCCTCACCCAATTAATTACAAGTCCCAACA,-,GAGGAAACTGAGTGGCAA-ATGG,GAAGAAACTGAGAAGCATGANGG,4,1,0.0,0,23,0,1,1,1,1,1,1,1,1,1
chr1,663631,663653,GAAGAAACTGAGAAGCATGANGG,CAACATCTACCCAATCCTCCTGGTAACCATCATTCTACTCTGTACTTCTATGTGTTCAGCCTTCTTAGACCTC,-,GAAGTA-CAGAGTAGAATGATGG,GAAGAAACTGAGAAGCATGANGG,4,1,0.0,0,24,0,1,0,0,0,0,1,1,0,1
chr1,713085,713108,GAAGAAACTGAGAAGCATGANGG,TCCTTGTCCCTTGACATAAACTTGATAAATAACTGAGAAGTGAGAAGGAGATTAGTGGGTTGATTAAATTCCA,+,TAAATAACTGAGAAGTGAGAAGG,GAAGAAACTGAGAAGCATGANGG,6,0,0.0,0,25,0,0,1,0,1,0,0,0,0,0
chr1,714637,714660,GAAGAAACTGAGAAGCATGANGG,GAACCATTTGTTCCCTCCTTAGATATCCTCATTTTTTTCAGATTCTTGCTTAGAAGTCACTCCTCCGTGGACC,-,CAAGAATCTGAAAAAAATGAGGA,GAAGAAACTGAGAAGCATGANGG,6,0,0.0,0,26,0,0,1,0,1,0,0,0,0,0
chr1,741325,741348,GAAGAAACTGAGAAGCATGANGG,GGGATGTTGTTGAGATGACTGGGTGACTGCAAGCTCCTAAATTTCTTCAAGAGGAGGGCTGATTACCATGCAA,-,GAAGAAATTTAGGAGCTTGCAGT,GAAGAAACTGAGAAGCATGANGG,6,0,0.0,0,27,0,0,0,0,0,0,0,0,0,0
chr1,768790,768812,GAAGAAACTGAGAAGCATGANGG,AGAATTGGTTTAATGGGAGACTATTAGAGAAGCTGAAAAGCAGGAGGGCAGAAAAGTTCAATCAAATTAAACA,+,G-AGAAGCTGAAAAGCAGGAGGG,GAAGAAACTGAGAAGCATGANGG,3,1,0.0,0,28,0,1,0,0,0,0,0,1,0,0
chr1,784269,784293,GAAGAAACTGAGAAGCATGANGG,AAAAAATGGAAAGAAGTAGAAAATAAAAACACTGAGAAGCATAGAATGCAAATTTAGAAAAGAGCTTAAGAGA,+,AAAAACACTGAGAAGCATAGAATG,GAAGAAACTGAGAAGCAT-GANGG,4,1,0.0,0,29,1,0,1,0,0,0,0,0,0,0
chr1,832111,832134,GAAGAAACTGAGAAGCATGANGG,GTTTCTTCTCTCCACAGCCAGGCCTTCGCCACCTTTCTCAGTGTCTTCAAGAATAAAATGCCTCCGTTGTTGG,-,GAAGACACTGAGAAAGGTGGCGA,GAAGAAACTGAGAAGCATGANGG,6,0,0.0,0,30,0,0,0,0,0,1,1,0,0,0
chr1,837841,837864,GAAGAAACTGAGAAGCATGANGG,CCCCAGGAAGGCAGGCCACCAGCATCTCTCATCCCTCTCAGTTTGCACTGCAGAAGCACCGTTCCAGGAAGTT,-,GTGCAAACTGAGAGGGATGAGAG,GAAGAAACTGAGAAGCATGANGG,6,0,0.0,0,31,0,0,1,0,1,1,1,0,0,1
chr1,845127,845150,GAAGAAACTGAGAAGCATGANGG,TTTGTAGTTTGTACTGAATCACACACCATGCTGCTTCCATGTTTTTTCAGGGATTTCCAACACAGATTTTCCT,-,GAAAAAACATGGAAGCAGCATGG,GAAGAAACTGAGAAGCATGANGG,6,0,0.0,0,32,0,0,0,0,1,1,1,1,1,1
chr1,850270,850293,GAAGAAACTGAGAAGCATGANGG,CTCGGCAAGCGAGTCTTTGAGGCTGCCCTCATGCTGCTCAGTGGGCACACCAAGAACAAGAGCTGGCCAGGGA,-,GTGCCCACTGAGCAGCATGAGGG,GAAGAAACTGAGAAGCATGANGG,6,0,0.0,0,33,0,0,1,0,0,1,1,1,0,0
chr1,869707,869731,GAAGAAACTGAGAAGCATGANGG,GCCCATCAGTCCTCTGAGACAGGTGAGGAAACTGAGGTCGCAGGAGGGCACCCAGAAGGTCCAGGCAGAGCCC,+,GAGGAAACTGAGGTCGCAGGAGGG,GAAGAAACTGA-GAAGCATGANGG,4,1,0.0,0,34,1,0,1,0,1,0,1,1,1,1
chr1,888495,888518,GAAGAAACTGAGAAGCATGANGG,AGGAGGGAGAGAAAGGGAAAGAAGGAAAGAAACAAGGAAGCAGGGAGGGAGAGAAAGAGGAAGGGAGAGGAAG,+,AAAGAAACAAGGAAGCAGGGAGG,GAAGAAACTGAGAAGCATGANGG,6,0,0.0,0,35,0,0,0,0,0,1,0,1,0,1
chr1,888582,888605,GAAGAAACTGAGAAGCATGANGG,AAGAGGGAAAGGGAAAGAAGGAAGGAAAGAAACAAGGAAGCAGGGAGGGAGAGAAAGAGGAAGGGAGAGGAAG,+,AAAGAAACAAGGAAGCAGGGAGG,GAAGAAACTGAGAAGCATGANGG,6,0,0.0,0,36,0,0,0,0,0,1,0,1,0,1
chr1,917949,917972,GAAGAAACTGAGAAGCATGANGG,AGAAGACAGATGGTCCATAGGAGACTCAGAAACAGAGAAGCCTCACGCCAGGTCCACAGAGGCACCCACGCCC,+,TCAGAAACAGAGAAGCCTCACGC,GAAGAAACTGAGAAGCATGANGG,6,0,0.0,0,37,0,0,0,0,0,1,0,0,0,0
chr1,957002,957025,GAAGAAACTGAGAAGCATGANGG,GTCCCCATCTTCTCCTTCCTCCGCTCCATCCTCCTCCTCACTGGCTTCCTGCACAGAAAGGCTGAGCTGAAGG,-,GAAGCCAGTGAGGAGGAGGATGG,GAAGAAACTGAGAAGCATGANGG,6,0,0.0,0,38,0,0,0,0,0,1,0,0,0,0
chr1,1112853,1112876,GAAGAAACTGAGAAGCATGANGG,GCCCTCCTCCAAGGGTACTTCCTTTCCTTCCTGCTCTAAAGCTTCTTCAACAACTTTCACTCCTGCTCTAAAA,-,GAAGAAGCTTTAGAGCAGGAAGG,GAAGAAACTGAGAAGCATGANGG,6,0,0.0,0,39,0,0,0,0,0,0,0,1,0,0
chr1,1209493,1209517,GAAGAAACTGAGAAGCATGANGG,GTGCCAGGCCCTCAGCAAAACCTTCCATGAGGCTTCATGTGTTTCTTCTTAAGTAATTTTTTTAAATTTCTTT,-,GAAGAAACACATGAAGCCTCATGG,GAAGAAACTGA-GAAGCATGANGG,4,1,0.0,0,40,1,0,0,0,0,1,1,0,1,1
chr1,1270121,1270144,GAAGAAACTGAGAAGCATGANGG,CATGTGAGACATGCCTCTTCCCCTTCCGCCATGATTGTAAGTTTCCTGAGGCCTCCCTGGCCACACGGAACTG,-,CAGGAAACTTACAATCATGGCGG,GAAGAAACTGAGAAGCATGANGG,6,0,0.0,0,41,0,0,0,0,0,1,0,0,0,0
chr1,1319928,1319950,GAAGAAACTGAGAAGCATGANGG,GGCACTGGGGACCCCACCGTGTCTGAGAAGAAACCACAACCACGAGGGGCTCAGGGGCAGCTGAGGACACTGC,+,GAAGAAAC-CACAACCACGAGGG,GAAGAAACTGAGAAGCATGANGG,4,1,0.0,0,42,0,1,0,0,0,1,0,0,0,0
chr1,1331903,1331926,GAAGAAACTGAGAAGCATGANGG,CACTCGTCAGAGCTCGCCATGGTCACCGGCAAGTTCTTCAGCTTCTTCCTCATGCCCCAGGTGGGCGCCCCCC,-,GAAGAAGCTGAAGAACTTGCCGG,GAAGAAACTGAGAAGCATGANGG,6,0,0.0,0,43,0,0,0,0,0,1,0,0,0,1
chr1,1353325,1353347,GAAGAAACTGAGAAGCATGANGG,TTCAGGCCCCCAGCGGGCAGAGCCCAGAAGGGTCTGAGGGCATGATGGGCATCAGTGGGATTTTGGTTGTGCC,+,GAAGGGTCTGAG-GGCATGATGG,GAAGAAACTGAGAAGCATGANGG,4,1,0.0,0,44,0,1,1,0,0,1,0,0,0,1
chr1,1619046,1619069,GAAGAAACTGAGAAGCATGANGG,GAGAAAGCCAGGCAGGCAGCTGCAGGAAGGAGCTGAGGAGAAAGGCGGCAGAGCCTCAAAAGCTGCTGGCGGC,+,GAAGGAGCTGAGGAGAAAGGCGG,GAAGAAACTGAGAAGCATGANGG,6,0,0.0,0,45,0,0,0,0,1,1,0,0,0,1
chr1,1640102,1640124,GAAGAAACTGAGAAGCATGANGG,CCAGTTCCGTCCAGCATGAGAAAGAGGCGGGACCTAGAAGCATGAGGGGCCAGTGGCTGTGCCCGCCCGTCAC,+,GCGGGACCT-AGAAGCATGAGGG,GAAGAAACTGAGAAGCATGANGG,4,1,0.0,0,46,0,1,0,0,0,0,0,1,0,1
chr1,1641726,1641749,GAAGAAACTGAGAAGCATGANGG,CTCCTCCTCCTCCTCTTCCTCTTCCTCCTCCTCCTCCTCTGATTCTTCACTGGTGCTCCCTTCCTCCTCCTCC,-,GAAGAATCAGAGGAGGAGGAGGA,GAAGAAACTGAGAAGCATGANGG,6,0,0.0,0,47,0,0,0,0,0,0,0,0,0,0
chr1,1642250,1642273,GAAGAAACTGAGAAGCATGANGG,CTCTCACGACACGAGAGGACTTCAGCCAGCACATCTCTCACTTTCTTCTGAAGCGGTTACTTAGCTGGGCTTT,-,GAAGAAAGTGAGAGATGTGCTGG,GAAGAAACTGAGAAGCATGANGG,6,0,0.0,0,48,0,0,0,0,0,0,0,0,0,0
chr1,1648008,1648032,GAAGAAACTGAGAAGCATGANGG,ACCCACAGCTCAGCAGTTTTCCAAGCATCAGTGCTTCTCAGATTATCCTTATCAGTTTCCTTTTTGTCAGAGA,-,GGATAATCTGAGAAGCACTGATGC,GAAGAAACTGAGAAGCA-TGANGG,4,1,0.0,0,49,1,0,0,1,0,0,0,0,0,1
chr1,1671744,1671767,GAAGAAACTGAGAAGCATGANGG,GGAACGGATGCTTCCTTCAATTCAAAAACAATACTTGTCAGTTTCTTCACATTGTGAGATAAAGCAAATCAAA,-,GAAGAAACTGACAAGTATTGTTT,GAAGAAACTGAGAAGCATGANGG,6,0,0.0,0,50,0,0,0,0,0,1,0,0,0,0
chr1,1690905,1690928,GAAGAAACTGAGAAGCATGANGG,GCGATTCACAGAGGACAATTTCTAAAAGGCAAATAAGAAGCAGGAAGGGTGCATGCTCCTTCTCTACTGCCCT,+,AAGGCAAATAAGAAGCAGGAAGG,GAAGAAACTGAGAAGCATGANGG,6,0,0.0,0,51,0,0,0,0,0,1,0,1,0,0
chr1,1707234,1707256,GAAGAAACTGAGAAGCATGANGG,CCAGTTCCGTCCAGCATGAGAAAGAGGCGGGACCTAGAAGCATGAGGGGCCAGTGGCTGTGCCCGCCCGTCAC,+,GCGGGACCT-AGAAGCATGAGGG,GAAGAAACTGAGAAGCATGANGG,4,1,0.0,0,52,0,1,0,0,0,1,0,1,0,0
chr1,1708858,1708881,GAAGAAACTGAGAAGCATGANGG,CTCCTCCTCCTCCTCTTCCTCTTCCTCCTCCTCCTCCTCTGATTCTTCACTGGTGCTCCCTTCCTCCTCCTCC,-,GAAGAATCAGAGGAGGAGGAGGA,GAAGAAACTGAGAAGCATGANGG,6,0,0.0,0,53,0,0,0,0,1,0,0,1,0,0
chr1,1709382,1709405,GAAGAAACTGAGAAGCATGANGG,CTCTCACGACACGAGAGGACTTCAGCCAGCACATCTCTCACTTTCTTCTGAAGCGGTTACTTAGCTGGGCTTT,-,GAAGAAAGTGAGAGATGTGCTGG,GAAGAAACTGAGAAGCATGANGG,6,0,0.0,0,54,0,0,1,0,1,0,0,1,0,0
chr1,1715159,1715183,GAAGAAACTGAGAAGCATGANGG,ACCCACAGCTCAGCAGTTTTCCAAGCATCAGTGCTTCTCAGATTATCCTTATCAGTTTCCTTTTTGTCAGAGA,-,GGATAATCTGAGAAGCACTGATGC,GAAGAAACTGAGAAGCA-TGANGG,4,1,0.0,0,55,1,0,0,0,0,0,0,1,0,0
chr1,1744180,1744203,GAAGAAACTGAGAAGCATGANGG,GCGATTCACAGAGGACAATTTCTAAAAGGCAAATAAGAAGCAGGAAGGGTGCATGCTCCTTCTCTACTGCCCT,+,AAGGCAAATAAGAAGCAGGAAGG,GAAGAAACTGAGAAGCATGANGG,6,0,0.0,0,56,0,0,1,0,0,1,1,0,0,1
chr1,1830108,1830132,GAAGAAACTGAGAAGCATGANGG,GGAGAAAGAGAAACAGGTTAGCAGCTTTTATTCTTCTCATTATTCTTCAAATATAGTTTGCTTACTAACCCCC,-,GAAGAATAATGAGAAGAATAAAAG,GAAGAA-ACTGAGAAGCATGANGG,4,1,0.0,0,57,1,0,1,0,0,0,0,0,0,1
chr1,1838360,1838383,GAAGAAACTGAGAAGCATGANGG,CCCAGACTCACTCACTACGAACATGGCTTCATTATTCCCACTTTATTCAAACAAAAAGGTTTTTGTTTTGTTT,-,GAATAAAGTGGGAATAATGAAGC,GAAGAAACTGAGAAGCATGANGG,6,0,0.0,0,58,0,0,1,0,1,1,1,1,0,1
chr1,1908311,1908334,GAAGAAACTGAGAAGCATGANGG,GTGTGAGCTACCTAGGGCCCGGCCCCCATCATACTTCTAAGGGTCTGTCTCTCCTGCCCTGCGGCCTCTCCAG,-,ACAGACCCTTAGAAGTATGATGG,GAAGAAACTGAGAAGCATGANGG,6,0,0.0,0,59,0,0,1,0,0,1,1,1,0,1
chr1,1908311,1908335,GAAGAAACTGAGAAGCATGANGG,TGTGAGCTACCTAGGGCCCGGCCCCCATCATACTTCTAAGGGTCTGTCTCTCCTGCCCTGCGGCCTCTCCAGC,-,GACAGACCCTTAGAAGTATGATGG,GA-AGAAACTGAGAAGCATGANGG,4,1,0.0,0,60,1,0,1,0,0,1,1,1,0,1
chr1,1932093,1932116,GAAGAAACTGAGAAGCATGANGG,AAAAAAAAAAACAAAAAACAAAAAACAAAAAACTTAGAAAAATGTAGGCCGGGCGCGGTGGCTCACGCCTGTA,+,CAAAAAACTTAGAAAAATGTAGG,GAAGAAACTGAGAAGCATGANGG,6,0,0.0,0,61,0,0,0,0,0,1,0,0,0,1
chr1,1937045,1937069,GAAGAAACTGAGAAGCATGANGG,AGGAGTGGAATTTGTGTAAACGGCGAAGCAAACTGGGAAGCGTGTTAGGAAGGAATCAAAGGCAGCAGCCTAA,+,GAAGCAAACTGGGAAGCGTGTTAG,GAAG-AAACTGAGAAGCATGANGG,4,1,0.0,0,62,1,0,0,0,0,0,1,0,0,0
chr1,2001143,2001166,GAAGAAACTGAGAAGCATGANGG,CGTGGCTGAGGCTCAGAGCTGGATGTCAGAGCCTGAGAAGAAAGAGGGCGGCCCCAGGTGTGGTCCAGCAGAG,+,TCAGAGCCTGAGAAGAAAGAGGG,GAAGAAACTGAGAAGCATGANGG,6,0,0.0,0,63,0,0,1,0,0,0,0,0,0,0
chr1,2023115,2023137,GAAGAAACTGAGAAGCATGANGG,GGAGAGGCAGGGAGAGTGTCCACCTCCCAGCATCCTTCCCAGTGTTTCTCTGGAATTGCGGGTTTAAGATTTG,-,GAA-ACACTGGGAAGGATGCTGG,GAAGAAACTGAGAAGCATGANGG,4,1,0.0,0,64,0,1,0,0,1,1,0,0,0,0
chr1,2079303,2079326,GAAGAAACTGAGAAGCATGANGG,CTGCGAGGCTTCCCGCGTGTGAACTCATTTAATCTTCTCAGTTCCTTGTGGGCACCATTGTTTTCTTTGTTCT,-,CAAGGAACTGAGAAGATTAAATG,GAAGAAACTGAGAAGCATGANGG,6,0,0.0,0,65,0,0,0,0,0,0,1,1,0,0
chr1,2114476,2114498,GAAGAAACTGAGAAGCATGANGG,AGCTTACAGAGCAAATAAAATAAGCTGAAGAAAAAGATAAGATGACTGGGCGCAGTGGCTCACGCCTGTAATC,+,GAAGAAAAAGATAAG-ATGACTG,GAAGAAACTGAGAAGCATGANGG,4,1,0.0,0,66,0,1,0,0,1,0,0,0,0,0
chr1,2130437,2130459,GAAGAAACTGAGAAGCATGANGG,GACTCCGCATGGGGGGCTGGGAGGGCGAGGAAAATGGGAAACATGATGCCTGCCCAAAACTCCCACCTCGGAG,+,GAGGAAAATGGGAAACATGAT-G,GAAGAAACTGAGAAGCATGANGG,4,1,0.0,0,67,0,1,0,0,0,1,0,0,0,0
chr1,2130437,2130460,GAAGAAACTGAGAAGCATGANGG,ACTCCGCATGGGGGGCTGGGAGGGCGAGGAAAATGGGAAACATGATGCCTGCCCAAAACTCCCACCTCGGAGA,+,GAGGAAAATGGGAAACATGATGC,GAAGAAACTGAGAAGCATGANGG,5,0,0.0,0,68,0,0,0,0,0,1,0,0,0,0
chr1,2219076,2219098,GAAGAAACTGAGAAGCATGANGG,GGAGTTAGTAGTGGCCTTGCTTTCTTCTGTCATCTGCTGAGTTTCCTCTGTGCCTATGGCCCATCCCACCTAC,-,GAGGAAACTCAGCAG-ATGACAG,GAAGAAACTGAGAAGCATGANGG,4,1,0.0,0,69,0,1,1,0,0,0,0,1,0,0
chr1,2304193,2304215,GAAGAAACTGAGAAGCATGANGG,GCTGGTCGCCGGGGGTGCGTTGGTGGCCCCATGTTTCGCAGGTTCCTCCGGGAGCGGCGCGTCTCCCTGGTGT,-,GAGGAACCTGCGAAACATG-GGG,GAAGAAACTGAGAAGCATGANGG,4,1,0.0,0,70,0,1,0,0,0,1,0,1,0,0
chr1,2336153,2336176,GAAGAAACTGAGAAGCATGANGG,CGTCTTCCTCTGAGAGGCCCCGCACCCCTCCTGCCTCTCTGCTTCTGCATGCCCACAGCCTGGTCCGCCCGGC,-,GCAGAAGCAGAGAGGCAGGAGGG,GAAGAAACTGAGAAGCATGANGG,5,0,0.0,0,71,0,0,0,0,1,0,0,0,0,1
chr1,2352225,2352248,GAAGAAACTGAGAAGCATGANGG,AGAAGGGGAGGGTGCTTCTCCTTGCCACTTATGCTTCCCCCTTTCTCCTAGCTGGAATAGGGGCATGACGGCT,-,GGAGAAAGGGGGAAGCATAAGTG,GAAGAAACTGAGAAGCATGANGG,6,0,0.0,0,72,0,0,0,0,1,0,0,0,0,0
chr1,2362310,2362333,GAAGAAACTGAGAAGCATGANGG,AGATCATCCTTGCTGTCTTCACATTGAATACACTGAGGAGGAGGAGGAAGAAGAGGGGTTGGTCTTGCTGTTT,+,GAATACACTGAGGAGGAGGAGGA,GAAGAAACTGAGAAGCATGANGG,6,0,0.0,0,73,0,0,1,0,0,0,1,0,0,0
chr1,2386328,2386350,GAAGAAACTGAGAAGCATGANGG,AGGAGGGCAGGGCTTGACCTGAACGAGGAGAAACTCAAAAGAGGATGGGGGTTCGTAAACTGCGGCATTTTCA,+,GGAGAAACTCAAAAG-AGGATGG,GAAGAAACTGAGAAGCATGANGG,4,1,0.0,0,74,0,1,0,0,0,1,0,0,0,0
chr1,2387651,2387674,GAAGAAACTGAGAAGCATGANGG,CATTCCAGAATGGACGTCCCTGCCTCCATCATACTACTCAGTCTGCTTCATGAGGGAAAACATGGTAAGCAGG,-,AAGCAGACTGAGTAGTATGATGG,GAAGAAACTGAGAAGCATGANGG,6,0,0.0,0,75,0,0,0,0,0,1,0,0,0,0
chr1,2387651,2387675,GAAGAAACTGAGAAGCATGANGG,ATTCCAGAATGGACGTCCCTGCCTCCATCATACTACTCAGTCTGCTTCATGAGGGAAAACATGGTAAGCAGGT,-,GAAGCAGACTGAGTAGTATGATGG,GAAGAA-ACTGAGAAGCATGANGG,3,1,0.0,0,76,1,0,0,0,0,1,0,0,0,0
chr1,2395225,2395247,GAAGAAACTGAGAAGCATGANGG,CAGATACGTTACCTCCGCTTGCCAGATAAGAAACTGGGACGCAGATGGATGGACTACCTGAGAGTTGTAGATA,+,TAAGAAACTGGGACGCA-GATGG,GAAGAAACTGAGAAGCATGANGG,3,1,0.0,0,77,0,1,0,0,0,1,0,0,0,0
chr1,2442952,2442975,GAAGAAACTGAGAAGCATGANGG,GCAGAGCGGGGAACCGACGAAGTGCCTGGAAACAGAGAAGCCTGGTGGGCAGGGAGGGTCCCCAGGGTCTAGG,+,CTGGAAACAGAGAAGCCTGGTGG,GAAGAAACTGAGAAGCATGANGG,6,0,0.0,0,78,0,0,1,0,1,1,0,1,1,1
chr1,2447196,2447218,GAAGAAACTGAGAAGCATGANGG,GGCTCCAGGAGGAGCCAGGCTTGATGGCAGAAACGAGCAACCTGAGGGGCTTCCAGGGCTAGGGTGGCTGCAG,+,GCAGAAAC-GAGCAACCTGAGGG,GAAGAAACTGAGAAGCATGANGG,4,1,0.0,0,79,0,1,0,0,1,0,0,0,0,0
chr1,2448392,2448415,GAAGAAACTGAGAAGCATGANGG,CTCTGGCGTCCCTTGGGTTGTGGCCGCCTCCTGCTTCTGCCTGTCTTCCCTCGCCCTTCTCTCCGTCTTCTCT,-,GAAGACAGGCAGAAGCAGGAGGC,GAAGAAACTGAGAAGCATGANGG,6,0,0.0,0,80,0,0,0,0,1,0,0,0,0,0
chr1,2548961,2548984,GAAGAAACTGAGAAGCATGANGG,TTGTTTTTTCCTGCAGTCGGCCCAGGCAGGACCTGAGCAGCCTGAAGCCATGAGTCGCTGCCACTGCTCTTTC,+,GCAGGACCTGAGCAGCCTGAAGC,GAAGAAACTGAGAAGCATGANGG,6,0,0.0,0,81,0,0,0,1,1,1,0,1,1,1
chr1,2588699,2588722,GAAGAAACTGAGAAGCATGANGG,AACTTGGTGGCCCAGCCCAGGCCCTCTCTCTGGCTTGTCAGTCTCATCACAGCCCCTCCGCCGCAATGTGGCC,-,GATGAGACTGACAAGCCAGAGAG,GAAGAAACTGAGAAGCATGANGG,6,0,0.0,0,82,0,0,1,0,0,1,1,0,0,0
chr1,2640888,2640911,GAAGAAACTGAGAAGCATGANGG,TGCAGGGACCAGGTTGCTGGTGGTAGAAGGGACTGTGAAGCTTCTAGGATGGTCCCTTCATGCAAGTAGGAAG,+,GAAGGGACTGTGAAGCTTCTAGG,GAAGAAACTGAGAAGCATGANGG,6,0,0.0,0,83,0,0,0,0,0,1,1,0,0,0
chr1,2645710,2645733,GAAGAAACTGAGAAGCATGANGG,GGGTCTGAACACCCAGCTTCCTGCCCCTTCCTGCTTCTCTGTGGCTGCAGCCTCCTACCATCCCTCCTGATTC,-,GCAGCCACAGAGAAGCAGGAAGG,GAAGAAACTGAGAAGCATGANGG,5,0,0.0,0,84,0,0,0,0,0,1,1,0,0,0
chr1,2777724,2777747,GAAGAAACTGAGAAGCATGANGG,CGCAGCATCAGCCCATATCCTGGATGCACAAATTCACAGGCATGACGGGGCGAGGGCCTGCTGCTCCTACCGT,+,GCACAAATTCACAGGCATGACGG,GAAGAAACTGAGAAGCATGANGG,6,0,0.0,0,85,0,0,1,0,1,1,1,0,1,1
chr1,2826769,2826791,GAAGAAACTGAGAAGCATGANGG,CGACTTCCAACGGTGAGATTCTGCTGGAAAAACCAGAAAGCAAGAGGGAGACAGTGGCTGTTTCAGAGGCCAT,+,GAAAAACCAGA-AAGCAAGAGGG,GAAGAAACTGAGAAGCATGANGG,4,1,0.0,0,86,0,1,0,0,1,0,0,0,0,0
chr1,2888318,2888341,GAAGAAACTGAGAAGCATGANGG,GCTCCGGAGACCAGGCGACATTTAGGGAGAACCTGAGGAGGGAGAAGGAGGATGAGAGTCTCTCAGGAGGGAC,+,GGAGAACCTGAGGAGGGAGAAGG,GAAGAAACTGAGAAGCATGANGG,6,0,0.0,0,87,0,0,0,0,1,1,0,0,0,0
chr1,2917625,2917648,GAAGAAACTGAGAAGCATGANGG,GATTTTAAAAGCCCCAACCACGCTCCTGTCCTGCCTCTCTGTTCCATCACTGCTCATTTCAGGAGCACCTGGA,-,GATGGAACAGAGAGGCAGGACAG,GAAGAAACTGAGAAGCATGANGG,6,0,0.0,0,88,0,0,0,0,0,0,0,0,0,0
chr1,2956099,2956122,GAAGAAACTGAGAAGCATGANGG,TTTATGCTCTGTCGCCTCTTGAATGCTTTGCTGCTTCAAAGTTTCTTCCACCAGATACACTAAATCATCTCTC,-,GAAGAAACTTTGAAGCAGCAAAG,GAAGAAACTGAGAAGCATGANGG,5,0,0.0,0,89,0,0,0,0,0,0,1,0,0,0
chr1,2956642,2956665,GAAGAAACTGAGAAGCATGANGG,CAGTTCTGCAGGGCTGGGGAGGCCTCAGGAAACTTATAATCATGACAGAAGGGGAAACAAACACATCCTTCTC,+,CAGGAAACTTATAATCATGACAG,GAAGAAACTGAGAAGCATGANGG,6,0,0.0,0,90,0,0,0,0,0,0,1,0,0,0
chr1,2993887,2993910,GAAGAAACTGAGAAGCATGANGG,ATTAAGGTGTCAGCCGGATCATGTTCCTTTCTGAATTTCAGTATCTTCTTTCAAGCTCTTGAGGTTTTTGGCA,-,GAAGATACTGAAATTCAGAAAGG,GAAGAAACTGAGAAGCATGANGG,6,0,0.0,0,91,0,0,0,0,0,0,1,0,0,0
chr1,2994091,2994113,GAAGAAACTGAGAAGCATGANGG,CAGCAAAGACCATCCCTGTTTAATCTCTCTCGTGCTTCACATCTCTTCTGCCAAAAGAACTCTGACCCTTTTT,-,GAAGAGA-TGTGAAGCACGAGAG,GAAGAAACTGAGAAGCATGANGG,4,1,0.0,0,92,0,1,0,0,0,0,1,1,0,0
chr1,3000623,3000647,GAAGAAACTGAGAAGCATGANGG,CTCCTTTATTAAAAAAAAAAAAAAAAAGAAACTCAGAGAGGCTGAGGGAGCCAGCTGCTTGTGGCTGCAGAGC,+,AAAGAAACTCAGAGAGGCTGAGGG,GAAGAAACTGAGA-AGCATGANGG,4,1,0.0,0,93,1,0,0,0,0,0,0,0,0,0
chr1,3008587,3008610,GAAGAAACTGAGAAGCATGANGG,CTGGTCATTTCAGAGTGTGTGGCACCCCTCCAGCCCCTCACTTTCTCCTGCTTTCACCATGTGCCATGCCTGC,-,GGAGAAAGTGAGGGGCTGGAGGG,GAAGAAACTGAGAAGCATGANGG,6,0,0.0,0,94,0,0,0,0,1,0,1,0,0,0
chr1,3008680,3008702,GAAGAAACTGAGAAGCATGANGG,ATGATTGTAAGCTTCCTGAGGTCTTCCCAGAAACTGAGAAGATGCCAGCACCATGCTTCCTGTAAAGTCTGCA,+,CCAGAAACTGAGAAG-ATGCCAG,GAAGAAACTGAGAAGCATGANGG,4,1,0.0,0,95,0,1,0,0,1,0,1,0,0,0
chr1,3032482,3032505,GAAGAAACTGAGAAGCATGANGG,GTGGAGCGAATGCCCTCTAAATGTTGAGGAAAAGGAGGACCATGTGGGCTGTGCTGGGCTGCCCTGGGGGTGC,+,GAGGAAAAGGAGGACCATGTGGG,GAAGAAACTGAGAAGCATGANGG,6,0,0.0,0,96,0,0,0,0,0,0,0,0,0,0
chr1,3096781,3096803,GAAGAAACTGAGAAGCATGANGG,AGCCGAGCAGGGTGGGTGTGCTGTGGCCCTCATCTTCCTCAGTTTTCCCAGTGCCTGTCTTTCCTTGTGCCAA,-,GGA-AAACTGAGGAAGATGAGGG,GAAGAAACTGAGAAGCATGANGG,4,1,0.0,0,97,0,1,0,0,0,0,0,0,0,0
chr1,3096781,3096804,GAAGAAACTGAGAAGCATGANGG,GCCGAGCAGGGTGGGTGTGCTGTGGCCCTCATCTTCCTCAGTTTTCCCAGTGCCTGTCTTTCCTTGTGCCAAG,-,GGGAAAACTGAGGAAGATGAGGG,GAAGAAACTGAGAAGCATGANGG,6,0,0.0,0,98,0,0,0,0,0,0,0,0,0,0
